{"cameraMode":{"drawMode":0,"name":"Shaded","section":"Shading Mode"},"sceneLighting":false,"audioPlay":false,"sceneViewState":{"m_AlwaysRefresh":false,"showFog":true,"showSkybox":false,"showFlares":true,"showImageEffects":true,"showParticleSystems":true,"showVisualEffectGraphs":true,"m_FxEnabled":true},"in2DMode":false,"pivot":{"x":-0.08210062980651856,"y":1.6914238929748536,"z":0.3235764503479004},"rotation":{"x":0.15580500662326814,"y":-0.11381708085536957,"z":0.018075861036777498,"w":0.9810453653335571},"size":2.610851764678955,"orthographic":false}