{"cameraMode":{"drawMode":0,"name":"Shaded","section":"Shading Mode"},"sceneLighting":false,"audioPlay":false,"sceneViewState":{"m_AlwaysRefresh":false,"showFog":true,"showSkybox":false,"showFlares":true,"showImageEffects":true,"showParticleSystems":true,"showVisualEffectGraphs":true,"m_FxEnabled":true},"in2DMode":false,"pivot":{"x":-0.31930556893348696,"y":0.625771701335907,"z":0.11992266029119492},"rotation":{"x":0.13674020767211915,"y":-0.31783944368362429,"z":0.04638184607028961,"w":0.9370928406715393},"size":1.350784420967102,"orthographic":true}