{"cameraMode":{"drawMode":0,"name":"Shaded","section":"Shading Mode"},"sceneLighting":true,"audioPlay":false,"sceneViewState":{"m_AlwaysRefresh":false,"showFog":true,"showSkybox":true,"showFlares":true,"showImageEffects":true,"showParticleSystems":true,"showVisualEffectGraphs":true,"m_FxEnabled":true},"in2DMode":false,"pivot":{"x":-0.07367347180843353,"y":2.0438783168792726,"z":-0.7350294589996338},"rotation":{"x":-0.04558732733130455,"y":-0.0015046894550323487,"z":-0.00008633529068902135,"w":0.9989903569221497},"size":0.6646327972412109,"orthographic":false}